Customer_ID,First_Name,Last_Name,Phone_Number,Email_Address
1,John,Doe,1234567890,john.doe@example.com
2,Jane,Smith,2345678901,jane.smith@example.com
3,Bob,Brown,3456789012,bob.brown@example.com
4,Emily,Johnson,4567890123,emily.johnson@example.com
5,Michael,Williams,5678901234,michael.williams@example.com
6,Linda,Jones,6789012345,linda.jones@example.com
7,David,Garcia,7890123456,david.garcia@example.com
8,Sarah,Miller,8901234567,sarah.miller@example.com
9,Chris,Davis,9012345678,chris.davis@example.com
10,Amy,Rodriguez,0123456789,amy.rodriguez@example.com
11,James,Martinez,1234509876,james.martinez@example.com
12,Mary,Hernandez,2345610987,mary.hernandez@example.com
13,Robert,Lopez,3456721098,robert.lopez@example.com
14,Patricia,Gonzalez,4567832109,patricia.gonzalez@example.com
15,Jennifer,Wilson,5678943210,jennifer.wilson@example.com
16,Charles,Anderson,6789054321,charles.anderson@example.com
17,Barbara,Thomas,7890165432,barbara.thomas@example.com
18,Daniel,Taylor,8901276543,daniel.taylor@example.com
19,Margaret,Moore,9012387654,margaret.moore@example.com
20,Joseph,Jackson,0123498765,joseph.jackson@example.com
21,Jessica,Martin,1234509876,jessica.martin@example.com
22,William,Lee,2345610987,william.lee@example.com
23,Karen,Walker,3456721098,karen.walker@example.com
24,Steven,Hall,4567832109,steven.hall@example.com
25,Nancy,Allen,5678943210,nancy.allen@example.com
26,Thomas,Sanchez,6789054321,thomas.sanchez@example.com
27,Laura,Wright,7890165432,laura.wright@example.com
28,Kevin,Scott,8901276543,kevin.scott@example.com
29,Michelle,Young,9012387654,michelle.young@example.com
30,Jason,Adams,0123498765,jason.adams@example.com
31,Susan,Baker,1234509876,susan.baker@example.com
32,Charles,Carter,2345610987,charles.carter@example.com
33,Jessica,Mitchell,3456721098,jessica.mitchell@example.com
34,Paul,Roberts,4567832109,paul.roberts@example.com
35,Linda,Turner,5678943210,linda.turner@example.com
